{"cameraMode":{"drawMode":0,"name":"Shaded","section":"Shading Mode"},"sceneLighting":true,"audioPlay":false,"sceneViewState":{"showFog":true,"showMaterialUpdate":false,"showSkybox":true,"showFlares":true,"showImageEffects":true,"showParticleSystems":true},"in2DMode":false,"pivot":{"x":0.7649837732315064,"y":2.134556293487549,"z":6.9673967361450199},"rotation":{"x":0.09621059894561768,"y":0.5497217178344727,"z":-0.06394081562757492,"w":0.8273299336433411},"size":5.920496463775635,"orthographic":false}