{"cameraMode":{"drawMode":0,"name":"Shaded","section":"Shading Mode"},"sceneLighting":false,"audioPlay":false,"sceneViewState":{"showFog":true,"showMaterialUpdate":false,"showSkybox":false,"showFlares":true,"showImageEffects":true,"showParticleSystems":true},"in2DMode":false,"pivot":{"x":1.1526236534118653,"y":2.6640284061431886,"z":-0.5562026500701904},"rotation":{"x":0.07463914901018143,"y":-0.08784259110689163,"z":0.0065994407050311569,"w":0.9933156967163086},"size":1.0,"orthographic":false}